p_value,tokamak_mean,pmodel_mean,tokamak_std,pmodel_std,tokamak_skewness,pmodel_skewness,tokamak_kurtosis,pmodel_kurtosis,tokamak_min,pmodel_min,tokamak_max,pmodel_max,tokamak_entropy,pmodel_entropy
0.15,0.24431959028533057,0.05685182658843737,0.11704693167153014,0.1643827566859846,3.4599280221729174,4.993680530512579,20.76442742962174,25.557800576732948,0.0,0.0,0.9999999999999999,0.9999998618985387,0.8818585354526709,0.1832687508027301
0.2,0.24431959028533057,0.056709071940917136,0.11704693167153014,0.12917618562914315,3.4599280221729174,5.395984147916756,20.76442742962174,34.88818827824759,0.0,0.0,0.9999999999999999,0.9999998509520216,0.8818585354526709,0.4845417876917627
0.25,0.24431959028533057,0.11169749337418278,0.11704693167153014,0.178747352981726,3.4599280221729174,3.3989480374815018,20.76442742962174,13.399117891687755,0.0,0.0,0.9999999999999999,0.9999998241758551,0.8818585354526709,0.4834266495778762
0.30000000000000004,0.24431959028533057,0.09539884483658347,0.11704693167153014,0.14969377562113534,3.4599280221729174,3.569434485592616,20.76442742962174,16.18936414848236,0.0,0.0,0.9999999999999999,0.9999999048829101,0.8818585354526709,0.6012096852342597
0.35000000000000003,0.24431959028533057,0.1707620054291459,0.11704693167153014,0.16740941173351548,3.4599280221729174,2.2211755956393238,20.76442742962174,6.716946505909258,0.0,0.0,0.9999999999999999,0.9999998366522599,0.8818585354526709,1.3350010667323402
0.4,0.24431959028533057,0.2616688470517164,0.11704693167153014,0.18553271467808846,3.4599280221729174,1.3101432087782994,20.76442742962174,2.171864468492803,0.0,0.0,0.9999999999999999,0.999999703569023,0.8818585354526709,1.4418642122747014
0.45,0.24431959028533057,0.3601737513864117,0.11704693167153014,0.19395799220659857,3.4599280221729174,0.7314621082872103,20.76442742962174,0.4532155728162932,0.0,0.0,0.9999999999999999,0.9999992669336495,0.8818585354526709,1.2076025723765147
